Workbook

Sheet START HERE
A1: PATIENT ACCESS BOTTLENECK INTELLIGENCE SYSTEM™
A2: Student-developed · Simulated · Educational · No PHI
A3: Student: Kori Pickle · BSHA Candidate, University of Phoenix · Degree in progress · No formal healthcare employment
A5: STUDENT
A6: Name | B6: Kori Pickle
A7: Program | B7: Bachelor of Science in Healthcare Administration (in progress), University of Phoenix
A8: Status | B8: Undergraduate student · No formal healthcare employment experience
A10: PROJECT PURPOSE
A11: Purpose | B11: Trace where a simulated patient-access workflow first loses control, show the downstream effect, and practice the controls needed to restore the case.
A12: Simulated problem | B12: An inaccurate demographic element entered during registration creates an eligibility mismatch. That mismatch delays authorization readiness, financial clearance, patient communication, and verified closure.
A13: What this artifact demonstrates | B13: Workflow mapping, case organization, prioritization, ownership assignment, follow-up logic, escalation rules, accuracy controls, patient-communication status tracking, and formula-driven dashboard interpretation.
A14: What this artifact does not claim | B14: No formal healthcare employment, live patient registration, payer-portal work, EHR access, measured operational results, or professional compliance authority.
A15: Integrity statement | B15: All names, identifiers, dates, payers, records, and outcomes in this workbook are synthetic. No real patient, payer, or employer data is used.
A17: HOW TO USE THE WORKBOOK
A18: 1 | B18: Review WORKFLOW MAP to understand the simulated failure path and the control that should have stopped it.
A19: 2 | B19: Use CASE CONTROL to examine ownership, priority, next action, follow-up, escalation, communication, and closure for each simulated case.
A20: 3 | B20: Use ACCURACY CONTROLS to verify what must be checked before a case moves downstream or is closed.
A21: 4 | B21: Use RISK MATRIX to see which failure types carry higher downstream impact and how they are prioritized.
A22: 5 | B22: Use DASHBOARD to summarize open workload, bottleneck stage, escalations, overdue follow-ups, and closure status.
A23: 6 | B23: Use GLOSSARY for plain-language definitions of the terms used in the workbook.
A24: 7 | B24: Use EVIDENCE GUIDE for résumé wording and interview talking points that stay within honest student boundaries.
A26: COMPLETION STANDARD
A27: ☐ | B27: Workflow path identifies the earliest loss of control.
A28: ☐ | B28: Every simulated case has an owner, next action, follow-up date, and status.
A29: ☐ | B29: Escalation logic is visible and applied consistently.
A30: ☐ | B30: Patient communication status is tracked without including PHI.
A31: ☐ | B31: Closure requires documented evidence and a final accuracy check.
A32: ☐ | B32: Dashboard metrics reconcile to the case-control table.
A33: ☐ | B33: Risk rating is assigned and visible for each open case.

Sheet WORKFLOW MAP
A1: WORKFLOW MAP
A2: Simulated front-end failure path from scheduling through verified closure. Each row shows the expected control, the simulated failure, and the response that restores control.
A4: Step | B4: Workflow Stage | C4: Expected Control | D4: Simulated Failure | E4: Immediate Effect | F4: Downstream Risk | G4: Control Response | H4: Owner Role
A5: 1 | B5: Scheduling | C5: Confirm service, appointment details, and required pre-visit information before the case is handed off. | D5: Incomplete pre-registration information is accepted. | E5: Case enters registration with unresolved data. | F5: Later verification work begins with missing information and higher rework. | G5: Use a pre-registration completeness check before handoff. | H5: Scheduling support
A6: 2 | B6: Registration | C6: Validate identity and key demographic fields before the record is submitted. | D6: Street address and date-of-birth fields do not match the simulated coverage record. | E6: Registration record is internally inconsistent. | F6: Eligibility response cannot be confidently matched. | G6: Pause progression and correct the discrepancy before reverification. | H6: Patient access representative
A7: 3 | B7: Eligibility Verification | C7: Confirm active coverage, document the response, and flag any mismatch type. | D7: Eligibility response returns unresolved because demographic data does not align. | E7: Coverage status remains unconfirmed. | F7: Authorization and financial-clearance work are delayed. | G7: Assign owner, record mismatch type, set next action, and schedule reverification. | H7: Eligibility representative
A8: 4 | B8: Authorization Readiness | C8: Confirm coverage is verified, service requirements are known, and supporting documentation is present. | D8: Authorization review cannot begin because eligibility remains unresolved. | E8: Authorization clock has not started. | F8: Service access may be delayed and staff rework increases. | G8: Escalate if eligibility is unresolved beyond the follow-up threshold. | H8: Authorization support
A9: 5 | B9: Financial Clearance | C9: Confirm benefit information and resolve open financial questions before the patient estimate is finalized. | D9: Clearance remains pending because coverage is not verified. | E9: Patient estimate and responsibility discussion cannot be finalized. | F9: Patient confusion and appointment disruption risk increase. | G9: Document the open question and coordinate a clear patient-facing update. | H9: Financial clearance support
A10: 6 | B10: Patient Communication | C10: Provide accurate, plain-language status and the next step the patient can expect. | D10: Status is not communicated after the mismatch is identified. | E10: Patient does not know what action is required or when to expect an update. | F10: Missed appointment or additional inbound calls become more likely. | G10: Record communication outcome and next contact window without including PHI. | H10: Patient services representative
A11: 7 | B11: Escalation | C11: Apply a defined rule when a case remains open beyond the follow-up threshold or risk rating is high. | D11: No escalation is triggered even though the follow-up window has passed. | E11: Case remains in the same stage without a higher-level review. | F11: Downstream stages continue to wait and the bottleneck lengthens. | G11: Trigger escalation, reassign owner if needed, and document the reason. | H11: Supervisor / lead
A12: 8 | B12: Verified Closure | C12: Require documented evidence, a final accuracy check, and confirmation that the patient was informed. | D12: Case is marked closed without a final check or communication record. | E12: Unresolved issue may reappear later as rework. | F12: Data quality and communication gaps are not visible in the closed record. | G12: Block closure until evidence, accuracy check, and communication status are recorded. | H12: Case owner

Sheet CASE CONTROL
A1: CASE CONTROL
A2: Simulated case tracker. All cases are synthetic. Columns track ownership, priority, next action, follow-up, escalation, communication, and closure.
A4: Case ID | B4: Opened | C4: Current Stage | D4: Issue Type | E4: Source of Issue | F4: Downstream Effect | G4: Owner | H4: Priority | I4: Priority Score | J4: Next Action | K4: Follow-up Date | L4: Days Open | M4: Escalation Trigger | N4: Escalation Status | O4: Communication Status | P4: Case Status | Q4: Closed Date | R4: Evidence | S4: Accuracy Check | T4: Data Type
A5: PA-001 | B5: 46297 | C5: Eligibility Verification | D5: DOB mismatch | E5: Registration entry | F5: Eligibility cannot be matched | G5: Eligibility Rep | H5: High | I5: =IF(H5="Urgent",4,IF(H5="High",3,IF(H5="Medium",2,IF(H5="Low",1,"")))) -> 3 | J5: Correct DOB and reverify coverage | K5: 46301 | L5: =IF(B5="","",IF(Q5<>"",Q5-B5,TODAY()-B5)) -> 23 | M5: Mismatch unresolved after 2 business days | N5: Triggered | O5: Status update sent | P5: In Progress | R5: Mismatch log | S5: Pending | T5: Synthetic
A6: PA-002 | B6: 46298 | C6: Registration | D6: Incomplete address | E6: Scheduling handoff | F6: Verification delayed | G6: Patient Access Rep | H6: Medium | I6: =IF(H6="Urgent",4,IF(H6="High",3,IF(H6="Medium",2,IF(H6="Low",1,"")))) -> 2 | J6: Request complete address from simulated source | K6: 46302 | L6: =IF(B6="","",IF(Q6<>"",Q6-B6,TODAY()-B6)) -> 22 | M6: Incomplete data after first follow-up | N6: Not triggered | O6: Not yet required | P6: Open | R6: Pre-reg checklist | S6: Pending | T6: Synthetic
A7: PA-003 | B7: 46299 | C7: Authorization Readiness | D7: Coverage unconfirmed | E7: Eligibility mismatch | F7: Auth review blocked | G7: Authorization Support | H7: High | I7: =IF(H7="Urgent",4,IF(H7="High",3,IF(H7="Medium",2,IF(H7="Low",1,"")))) -> 3 | J7: Escalate eligibility resolution | K7: 46301 | L7: =IF(B7="","",IF(Q7<>"",Q7-B7,TODAY()-B7)) -> 21 | M7: Auth blocked > 48 hours | N7: Triggered | O7: Patient informed of delay | P7: In Progress | R7: Escalation note | S7: Pending | T7: Synthetic
A8: PA-004 | B8: 46300 | C8: Eligibility Verification | D8: Name variation | E8: Registration entry | F8: Possible coverage mismatch | G8: Eligibility Rep | H8: Medium | I8: =IF(H8="Urgent",4,IF(H8="High",3,IF(H8="Medium",2,IF(H8="Low",1,"")))) -> 2 | J8: Confirm legal name and reverify | K8: 46303 | L8: =IF(B8="","",IF(Q8<>"",Q8-B8,TODAY()-B8)) -> 20 | M8: Variation unresolved after routine check | N8: Not triggered | O8: Update planned | P8: Open | R8: Name check log | S8: Pending | T8: Synthetic
A9: PA-005 | B9: 46300 | C9: Financial Clearance | D9: Coverage limitation question | E9: Eligibility response | F9: Estimate cannot be finalized | G9: Financial Clearance Rep | H9: Medium | I9: =IF(H9="Urgent",4,IF(H9="High",3,IF(H9="Medium",2,IF(H9="Low",1,"")))) -> 2 | J9: Document open question and assign verification | K9: 46302 | L9: =IF(B9="","",IF(Q9<>"",Q9-B9,TODAY()-B9)) -> 20 | M9: Open question 48 hours before appointment | N9: Monitoring | O9: Update planned | P9: In Progress | R9: Open-question log | S9: Pending | T9: Synthetic
A10: PA-006 | B10: 46301 | C10: Patient Communication | D10: No status update recorded | E10: Handoff failure | F10: Patient may not know next step | G10: Patient Services Rep | H10: High | I10: =IF(H10="Urgent",4,IF(H10="High",3,IF(H10="Medium",2,IF(H10="Low",1,"")))) -> 3 | J10: Record simulated communication outcome | K10: 46301 | L10: =IF(B10="","",IF(Q10<>"",Q10-B10,TODAY()-B10)) -> 0 | M10: No documented contact before next business day | N10: Triggered | O10: Completed: next steps explained | P10: Closed | Q10: 46301 | R10: Communication outcome documented | S10: Pass | T10: Synthetic
A11: PA-007 | B11: 46302 | C11: Registration | D11: Address formatting | E11: Registration entry | F11: Eligibility match may fail | G11: Patient Access Rep | H11: Low | I11: =IF(H11="Urgent",4,IF(H11="High",3,IF(H11="Medium",2,IF(H11="Low",1,"")))) -> 1 | J11: Validate address formatting | K11: 46304 | L11: =IF(B11="","",IF(Q11<>"",Q11-B11,TODAY()-B11)) -> 1 | M11: Still unresolved after routine follow-up | N11: Not triggered | O11: Not yet required | P11: Closed | Q11: 46303 | R11: Corrected formatting + review | S11: Pass | T11: Synthetic
A12: PA-008 | B12: 46303 | C12: Eligibility Verification | D12: Coverage response unclear | E12: Simulated eligibility response | F12: Auth and clearance remain pending | G12: Eligibility Rep | H12: High | I12: =IF(H12="Urgent",4,IF(H12="High",3,IF(H12="Medium",2,IF(H12="Low",1,"")))) -> 3 | J12: Route response for supervisor review | K12: 46304 | L12: =IF(B12="","",IF(Q12<>"",Q12-B12,TODAY()-B12)) -> 17 | M12: Ambiguous response requires second review | N12: Triggered | O12: Status update provided | P12: In Progress | R12: Second-review request | S12: Pending | T12: Synthetic
A13: PA-009 | B13: 46304 | C13: Authorization Readiness | D13: Missing supporting document | E13: Documentation handoff | F13: Auth cannot be submitted | G13: Authorization Support | H13: Medium | I13: =IF(H13="Urgent",4,IF(H13="High",3,IF(H13="Medium",2,IF(H13="Low",1,"")))) -> 2 | J13: Request simulated supporting document | K13: 46307 | L13: =IF(B13="","",IF(Q13<>"",Q13-B13,TODAY()-B13)) -> 16 | M13: Document still missing after first request | N13: Not triggered | O13: Not yet required | P13: Open | R13: Document request log | S13: Pending | T13: Synthetic
A14: PA-010 | B14: 46305 | C14: Financial Clearance | D14: Benefit detail incomplete | E14: Eligibility response | F14: Responsibility discussion delayed | G14: Financial Clearance Rep | H14: Medium | I14: =IF(H14="Urgent",4,IF(H14="High",3,IF(H14="Medium",2,IF(H14="Low",1,"")))) -> 2 | J14: Request benefit clarification | K14: 46308 | L14: =IF(B14="","",IF(Q14<>"",Q14-B14,TODAY()-B14)) -> 15 | M14: Clarification not received before appointment window | N14: Monitoring | O14: Update planned | P14: Open | R14: Benefit question log | S14: Pending | T14: Synthetic
A15: PA-011 | B15: 46306 | C15: Patient Communication | D15: Follow-up not documented | E15: Case owner handoff | F15: Patient may call for status | G15: Patient Services Rep | H15: Low | I15: =IF(H15="Urgent",4,IF(H15="High",3,IF(H15="Medium",2,IF(H15="Low",1,"")))) -> 1 | J15: Record planned contact window | K15: 46309 | L15: =IF(B15="","",IF(Q15<>"",Q15-B15,TODAY()-B15)) -> 14 | M15: No contact documented within 2 business days | N15: Not triggered | O15: Not yet required | P15: Open | R15: Contact plan | S15: Pending | T15: Synthetic
A16: PA-012 | B16: 46307 | C16: Verified Closure | D16: Closure blocked | E16: Missing accuracy check | F16: Case cannot be closed | G16: Case Owner | H16: High | I16: =IF(H16="Urgent",4,IF(H16="High",3,IF(H16="Medium",2,IF(H16="Low",1,"")))) -> 3 | J16: Complete final accuracy check | K16: 46308 | L16: =IF(B16="","",IF(Q16<>"",Q16-B16,TODAY()-B16)) -> 1 | M16: Closure attempted without required evidence | N16: Triggered | O16: Completed | P16: Closed | Q16: 46308 | R16: Final check + communication | S16: Pass | T16: Synthetic

Sheet ACCURACY CONTROLS
A1: ACCURACY CONTROLS
A2: Checks that must be completed before a simulated case moves downstream or is closed. These are practice controls, not employer policies.
A4: # | B4: Control Area | C4: What Must Be Verified | D4: Why It Matters | E4: Applies Before | F4: Status
A5: 1 | B5: Completeness | C5: Required demographic and appointment fields are present before handoff. | D5: Missing fields create downstream verification work. | E5: Registration handoff | F5: Required
A6: 2 | B6: Consistency | C6: Key fields (name, DOB, address) align across the simulated registration and coverage records. | D6: Inconsistent fields prevent confident eligibility matching. | E6: Eligibility verification | F6: Required
A7: 3 | B7: Mismatch documentation | C7: Mismatch type is recorded and the next action is assigned. | D7: Undocumented mismatches are not visible to the next owner. | E7: Eligibility stage | F7: Required
A8: 4 | B8: Ownership | C8: Every open case has a named owner and a follow-up date. | D8: Unowned cases do not move. | E8: All stages | F8: Required
A9: 5 | B9: Escalation rule | C9: Cases that exceed the follow-up threshold or carry high risk are escalated. | D9: Without a rule, bottlenecks lengthen silently. | E9: Any stage past threshold | F9: Required
A10: 6 | B10: Patient communication | C10: A plain-language status or next step is recorded without including PHI. | D10: Patients who do not know the status are more likely to call or miss the appointment. | E10: Before closure | F10: Required
A11: 7 | B11: Evidence for closure | C11: Closure requires a documented outcome and a final accuracy check. | D11: Closing without evidence hides unresolved issues. | E11: Verified closure | F11: Required
A12: 8 | B12: Dashboard reconciliation | C12: Open, closed, escalated, and overdue counts match the case table. | D12: Unreconciled metrics misrepresent the workload. | E12: Dashboard review | F12: Required

Sheet RISK MATRIX
A1: RISK MATRIX
A2: Practice view of which simulated failure types carry higher downstream impact and how they are prioritized in this workbook.
A4: Failure Type | B4: Likelihood (simulated) | C4: Downstream Impact | D4: Primary Affected Stage | E4: Priority Guidance
A5: DOB or identity mismatch | B5: Medium | C5: High | D5: Eligibility Verification | E5: Treat as High until resolved
A6: Incomplete address / demographics | B6: High | C6: Medium | D6: Registration → Eligibility | E6: Resolve before eligibility
A7: Coverage response unclear | B7: Medium | C7: High | D7: Eligibility → Authorization | E7: Escalate for second review
A8: Missing supporting document | B8: Medium | C8: Medium | D8: Authorization Readiness | E8: Request and track follow-up
A9: No patient status update | B9: High | C9: Medium | D9: Patient Communication | E9: Record outcome before close
A10: Closure without evidence | B10: Low | C10: High | D10: Verified Closure | E10: Block closure
A11: Overdue follow-up | B11: Medium | C11: High | D11: Any open stage | E11: Trigger escalation

Sheet DASHBOARD
A1: DASHBOARD
A2: Formula-driven summary of the simulated case table. Metrics reconcile to CASE CONTROL. All data is synthetic.
A4: WORKLOAD SUMMARY | D4: OPEN CASES BY STAGE
A5: Total cases | B5: =COUNTA('CASE CONTROL'!A5:A16) -> 12 | D5: Stage | E5: Open
A6: Open cases | B6: =COUNTIF('CASE CONTROL'!P5:P16,"Open") -> 5 | D6: Registration | E6: =COUNTIFS('CASE CONTROL'!C5:C16,D6,'CASE CONTROL'!P5:P16,"<>Closed") -> 1
A7: In progress | B7: =COUNTIF('CASE CONTROL'!P5:P16,"In Progress") -> 4 | D7: Eligibility Verification | E7: =COUNTIFS('CASE CONTROL'!C5:C16,D7,'CASE CONTROL'!P5:P16,"<>Closed") -> 3
A8: Closed cases | B8: =COUNTIF('CASE CONTROL'!P5:P16,"Closed") -> 3 | D8: Authorization Readiness | E8: =COUNTIFS('CASE CONTROL'!C5:C16,D8,'CASE CONTROL'!P5:P16,"<>Closed") -> 2
A9: Escalated (triggered) | B9: =COUNTIF('CASE CONTROL'!N5:N16,"Triggered") -> 5 | D9: Financial Clearance | E9: =COUNTIFS('CASE CONTROL'!C5:C16,D9,'CASE CONTROL'!P5:P16,"<>Closed") -> 2
A10: High priority open | B10: =COUNTIFS('CASE CONTROL'!H5:H16,"High",'CASE CONTROL'!P5:P16,"<>Closed") -> 3 | D10: Patient Communication | E10: =COUNTIFS('CASE CONTROL'!C5:C16,D10,'CASE CONTROL'!P5:P16,"<>Closed") -> 1
A11: Overdue follow-ups | B11: =COUNTIFS('CASE CONTROL'!K5:K16,"<"&TODAY(),'CASE CONTROL'!K5:K16,"<>",'CASE CONTROL'!P5:P16,"<>Closed") -> 9 | D11: Verified Closure | E11: =COUNTIFS('CASE CONTROL'!C5:C16,D11,'CASE CONTROL'!P5:P16,"<>Closed") -> 0

Sheet GLOSSARY
A1: GLOSSARY
A2: Plain-language definitions used in this simulated workbook. These are educational definitions for portfolio practice, not regulatory definitions.
A4: Term | B4: How It Is Used in This Workbook
A5: Patient access | B5: The front-end steps that collect and confirm the information needed before a patient is seen, including scheduling, registration, and eligibility.
A6: Registration | B6: The step where demographic and appointment information is entered or confirmed. In this workbook, registration errors are the simulated starting point of the failure path.
A7: Eligibility verification | B7: The practice of confirming that simulated coverage is active and that key demographic fields align with the coverage record.
A8: Authorization readiness | B8: The state in which coverage is verified and required documentation is present so an authorization review can begin. This workbook does not submit real authorizations.
A9: Financial clearance | B9: The step that confirms benefit information and unresolved financial questions before a patient estimate can be finalized. All figures here are synthetic.
A10: Escalation | B10: A defined handoff to a higher-level review when a case remains open beyond the follow-up threshold or carries high risk.
A11: Bottleneck | B11: The stage where simulated work is accumulating and preventing later stages from progressing.
A12: Accuracy control | B12: A check that must be completed before a case moves downstream or is closed. Examples include completeness, consistency, ownership, and evidence.
A13: Closure | B13: The point at which a simulated case is marked complete only after evidence, a final accuracy check, and a communication status are recorded.
A14: No-PHI boundary | B14: This workbook contains no real patient, payer, or employer information. All cases and identifiers are synthetic.

Sheet EVIDENCE GUIDE
A1: EVIDENCE GUIDE
A2: Translate the artifact into honest recruiter-facing proof without implying professional employment or live operational results.
A4: Evidence Area | B4: What the Workbook Demonstrates | C4: What Not to Claim | D4: Recruiter / Interview Language
A5: Workflow mapping | B5: Traces a simulated registration-to-eligibility failure path and identifies downstream effects on authorization, clearance, and communication. | C5: Do not claim live registration, payer access, or employer process redesign. | D5: I mapped how a front-end data discrepancy can affect eligibility, authorization readiness, financial clearance, and patient communication.
A6: Case control | B6: Organizes fictional cases by owner, priority, next action, follow-up, escalation, communication, and closure status. | C6: Do not claim production work-queue management. | D6: I built a simulated case-control tracker to practice assigning ownership, priority, and next actions.
A7: Accuracy controls | B7: Uses explicit completeness, consistency, ownership, escalation, communication, and closure checks. | C7: Do not claim employer compliance authority or measured error reduction. | D7: I used defined accuracy controls so a simulated case could not be considered complete without evidence.
A8: Risk awareness | B8: Rates simulated failure types by likelihood and downstream impact and ties them to priority guidance. | C8: Do not claim formal risk assessment or employer risk ownership. | D8: I used a simple risk matrix to practice prioritizing which simulated issues needed faster follow-up.
A9: Patient communication awareness | B9: Tracks whether an understandable status update or next step was recorded without including PHI. | C9: Do not claim live patient calls or protected-information handling. | D9: The project helped me connect workflow status with the need for a clear patient-facing update.
A10: Dashboard interpretation | B10: Summarizes fictional workload, bottleneck stage, escalations, and overdue follow-ups with formulas that reconcile to the case table. | C10: Do not claim real operational metrics or performance improvement. | D10: I used a formula-driven dashboard to identify where simulated work was accumulating.
A12: RESUME BULLET (HONEST)
A13: Built a simulated, no-PHI patient-access workflow map and case-control tracker connecting a registration data discrepancy to eligibility mismatch, authorization readiness, financial clearance, follow-up, escalation, patient communication, and verified closure.
A15: 60-SECOND INTERVIEW EXPLANATION
A16: I created this student-developed, simulated project to understand where a patient-access workflow first loses control. I mapped a registration data discrepancy through eligibility, authorization readiness, financial clearance, and patient communication. Then I built a case-control tracker with ownership, priority, follow-up, escalation, and closure rules so I could practice keeping the case visible until it was resolved. Everything in the workbook is synthetic and does not represent professional employment or live operational results.
A18: PORTFOLIO DISCLAIMER
A19: Created by Kori Pickle, BSHA Candidate, University of Phoenix (degree in progress). This project is educational, simulated, and contains no PHI. It does not represent professional healthcare employment, live registration work, EHR use, payer-portal access, or measured operational results.
